<?xml version="1.0" encoding="ISO-8859-1"?>
<!-- ~ Copyright (c) 2005-2011, WSO2 Inc. (http://www.wso2.org) All Rights 
	Reserved. ~ ~ WSO2 Inc. licenses this file to you under the Apache License, 
	~ Version 2.0 (the "License"); you may not use this file except ~ in compliance 
	with the License. ~ You may obtain a copy of the License at ~ ~ http://www.apache.org/licenses/LICENSE-2.0 
	~ ~ Unless required by applicable law or agreed to in writing, ~ software 
	distributed under the License is distributed on an ~ "AS IS" BASIS, WITHOUT 
	WARRANTIES OR CONDITIONS OF ANY ~ KIND, either express or implied. See the 
	License for the ~ specific language governing permissions and limitations 
	~ under the License. -->

<Server xmlns="http://wso2.org/projects/carbon/carbon.xml">

	<JDBCPersistenceManager>
		<DataSource>
			<!-- Include a data source name (jndiConfigName) from the set of data 
				sources defined in master-datasources.xml -->
			<Name>jdbc/WSO2CarbonDB</Name>
		</DataSource>
		<!-- If the identity database is created from another place and if it is 
			required to skip schema initialization during the server start up, set the 
			following property to "true". -->
		<!-- <SkipDBSchemaCreation>false</SkipDBSchemaCreation> -->
	</JDBCPersistenceManager>

	<!-- Security configurations -->
	<Security>
		<UserTrustedRPStore>
			<Location>${carbon.home}/repository/resources/security/userRP.jks
			</Location>
			<!-- Keystore type (JKS/PKCS12 etc.) -->
			<Type>JKS</Type>
			<!-- Keystore password -->
			<Password>wso2carbon</Password>
			<!-- Private Key password -->
			<KeyPassword>wso2carbon</KeyPassword>
		</UserTrustedRPStore>

		<!-- The directory under which all other KeyStore files will be stored -->
		<KeyStoresDir>${carbon.home}/conf/keystores</KeyStoresDir>
	</Security>

	<Identity>
		<IssuerPolicy>SelfAndManaged</IssuerPolicy>
		<TokenValidationPolicy>CertValidate</TokenValidationPolicy>
		<BlackList></BlackList>
		<WhiteList></WhiteList>
		<System>
			<KeyStore></KeyStore>
			<StorePass></StorePass>
		</System>
	</Identity>

	<OpenID>
		<OpenIDServerUrl>https://localhost:9443/openidserver</OpenIDServerUrl>
		<OpenIDUserPattern>https://localhost:9443/openid/</OpenIDUserPattern>
		<!-- If the users must be prompted for approval -->
		<OpenIDSkipUserConsent>false</OpenIDSkipUserConsent>
		<!-- Expiry time of the OpenID RememberMe token in minutes -->
		<OpenIDRememberMeExpiry>7200</OpenIDRememberMeExpiry>
		<!-- Multifactor Authentication configuration -->
	        <UseMultifactorAuthentication>false</UseMultifactorAuthentication>	
        	<!-- To enable or disable openid dumb mode -->
        	<DisableOpenIDDumbMode>false</DisableOpenIDDumbMode>
		<!-- remember me session timeout in seconds -->
		<SessionTimeout>36000</SessionTimeout>
		<!-- skips authentication if valid SAML2 Web SSO browser session available -->
		<AcceptSAMLSSOLogin>false</AcceptSAMLSSOLogin>
		<ClaimsRetrieverImplClass>org.wso2.carbon.identity.provider.openid.claims.DefaultClaimsRetriever</ClaimsRetrieverImplClass>
	</OpenID>

	<OAuth>
		<RequestTokenUrl>https://localhost:9443/oauth/request-token</RequestTokenUrl>
		<AccessTokenUrl>https://localhost:9443/oauth/access-token</AccessTokenUrl>
		<AuthorizeUrl>https://localhost:9443/oauth/authorize-url</AuthorizeUrl>
		<!-- Default validity period for Authorization Code in seconds -->
		<AuthorizationCodeDefaultValidityPeriod>300</AuthorizationCodeDefaultValidityPeriod>
		<!-- Default validity period for Access Token in seconds -->
		<AccessTokenDefaultValidityPeriod>3600</AccessTokenDefaultValidityPeriod>
		<!-- Timestamp skew in seconds -->
		<TimestampSkew>300</TimestampSkew>
		<!-- Enable OAuth caching. This cache has the replication support. -->
		<EnableOAuthCache>true</EnableOAuthCache>
		<!-- Configure the security measures needs to be done prior to store the 
			token in the database, such as hashing, encrypting, etc. -->
		<TokenPersistencePreprocessor>org.wso2.carbon.identity.oauth.preprocessor.PlainTextTokenPersistencePreprocessor</TokenPersistencePreprocessor>
		<!-- Supported Response Types -->
		<SupportedResponseTypes>token,code</SupportedResponseTypes>
		<!-- Supported Grant Types -->
		<SupportedGrantTypes>authorization_code,password,refresh_token,client_credentials,urn:ietf:params:oauth:grant-type:saml2-bearer</SupportedGrantTypes>
		<OAuthCallbackHandlers>
			<OAuthCallbackHandler Class="org.wso2.carbon.identity.oauth.callback.DefaultCallbackHandler" />
		</OAuthCallbackHandlers>
		<!-- Assertions can be used to embedd parameters into access token. -->
		<EnableAssertions>
			<UserName>false</UserName>
		</EnableAssertions>

		<!-- This should be set to true when using multiple user stores and keys 
			should saved into different tables according to the user store. By default 
			all the application keys are saved in to the same table. UserName Assertion 
			should be 'true' to use this. -->
		<EnableAccessTokenPartitioning>false</EnableAccessTokenPartitioning>
		<!-- user store domain names and mapping to new table name. eg: if you 
			provide 'A:foo.com', foo.com should be the user store domain name and 'A' 
			represent the relavant mapping of token store table, i.e. tokens will be 
			added to a table called IDN_OAUTH2_ACCESS_TOKEN_A. -->
		<AccessTokenPartitioningDomains><!-- A:foo.com, B:bar.com -->
		</AccessTokenPartitioningDomains>
		<AuthorizationContextTokenGeneration>		
			<Enabled>false</Enabled>
			<TokenGeneratorImplClass>org.wso2.carbon.identity.oauth2.authcontext.JWTTokenGenerator</TokenGeneratorImplClass>
			<ClaimsRetrieverImplClass>org.wso2.carbon.identity.oauth2.authcontext.DefaultClaimsRetriever</ClaimsRetrieverImplClass>
			<ConsumerDialectURI>http://wso2.org/claims</ConsumerDialectURI>
			<SignatureAlgorithm>SHA256withRSA</SignatureAlgorithm>
			<AuthorizationContextTTL>15</AuthorizationContextTTL>
		</AuthorizationContextTokenGeneration>
		<SAML2Grant>
			<!--SAML2TokenHandler></SAML2TokenHandler-->
		</SAML2Grant>
                <OpenIDConnect>
                         <IDTokenBuilder>org.wso2.carbon.identity.openidconnect.DefaultIDTokenBuilder</IDTokenBuilder>
                         <IDTokenIssuerID>https://localhost:9443/oauth2endpoints/token</IDTokenIssuerID>
                         <IDTokenSubjectClaim>http://wso2.org/claims/givenname</IDTokenSubjectClaim>
                         <IDTokenCustomClaimsCallBackHandler>org.wso2.carbon.identity.openidconnect.SAMLAssertionClaimsCallback</IDTokenCustomClaimsCallBackHandler>
                         <IDTokenExpiration>3600</IDTokenExpiration>
                         <UserInfoEndpointClaimDialect>http://wso2.org/claims</UserInfoEndpointClaimDialect>
                         <UserInfoEndpointClaimRetriever>org.wso2.carbon.identity.oauth.endpoint.user.impl.UserInfoUserStoreClaimRetriever</UserInfoEndpointClaimRetriever>
                         <UserInfoEndpointRequestValidator>org.wso2.carbon.identity.oauth.endpoint.user.impl.UserInforRequestDefaultValidator</UserInfoEndpointRequestValidator>
                         <UserInfoEndpointAccessTokenValidator>org.wso2.carbon.identity.oauth.endpoint.user.impl.UserInfoISAccessTokenValidator</UserInfoEndpointAccessTokenValidator>
                         <UserInfoEndpointResponseBuilder>org.wso2.carbon.identity.oauth.endpoint.user.impl.UserInfoJSONResponseBuilder</UserInfoEndpointResponseBuilder>
                         <SkipUserConsent>false</SkipUserConsent>
                </OpenIDConnect>
	</OAuth>

	<MultifactorAuthentication>
		<XMPPSettings>
			<XMPPConfig>
				<XMPPProvider>gtalk</XMPPProvider>
				<XMPPServer>talk.google.com</XMPPServer>
				<XMPPPort>5222</XMPPPort>
				<XMPPExt>gmail.com</XMPPExt>
				<XMPPUserName>multifactor1@gmail.com</XMPPUserName>
				<XMPPPassword>wso2carbon</XMPPPassword>
			</XMPPConfig>
		</XMPPSettings>
	</MultifactorAuthentication>

	<SSOService>
		<IdentityProviderURL>https://localhost:9443/samlsso</IdentityProviderURL>
		<SingleLogoutRetryCount>5</SingleLogoutRetryCount>
		<SingleLogoutRetryInterval>60000</SingleLogoutRetryInterval> <!-- in milli seconds -->
		<TenantPartitioningEnabled>false</TenantPartitioningEnabled>
		<SessionTimeout>36000</SessionTimeout> <!-- remember me session timeout in seconds -->
		<!-- skips authentication if valid SAML2 Web SSO browser session available -->
		<AttributeStatementBuilder>org.wso2.carbon.identity.sso.saml.attributes.UserAttributeStatementBuilder</AttributeStatementBuilder>
                <AttributesClaimDialect>http://wso2.org/claims</AttributesClaimDialect>
		<AcceptOpenIDLogin>false</AcceptOpenIDLogin>
		<ClaimsRetrieverImplClass>org.wso2.carbon.identity.sso.saml.builders.claims.DefaultClaimsRetriever</ClaimsRetrieverImplClass>
		<!-- SAML Token validity period in minutes -->
                <SAMLResponseValidityPeriod>5</SAMLResponseValidityPeriod>
	</SSOService>

	<EntitlementSettings>
		<!-- Uncomment this to enable on-demand policy loading -->
		<!--OnDemandPolicyLoading> <Enable>true</Enable> <MaxInMemoryPolicies>100</MaxInMemoryPolicies> 
			</OnDemandPolicyLoading -->
		<DecisionCaching>
			<Enable>true</Enable>
			<CachingInterval>36000</CachingInterval>
		</DecisionCaching>
		<AttributeCaching>
			<Enable>true</Enable>
		</AttributeCaching>
		<ThirftBasedEntitlementConfig>
			<EnableThriftService>true</EnableThriftService>
			<ReceivePort>${Ports.ThriftEntitlementReceivePort}</ReceivePort>
			<ClientTimeout>10000</ClientTimeout>
			<KeyStore>
				<Location>${carbon.home}/repository/resources/security/wso2carbon.jks</Location>
				<Password>wso2carbon</Password>
			</KeyStore>
		</ThirftBasedEntitlementConfig>
	</EntitlementSettings>
	<SCIMAuthenticators>
		<Authenticator class="org.wso2.carbon.identity.scim.provider.auth.BasicAuthHandler">
			<Property name="Priority">5</Property>
		</Authenticator>
		<Authenticator class="org.wso2.carbon.identity.scim.provider.auth.OAuthHandler">
			<Property name="Priority">10</Property>
			<Property name="AuthorizationServer">local://services</Property>
			<!--Property name="AuthorizationServer">https://localhost:9443/services</Property>
			<Property name="UserName">admin</Property>
			<Property name="Password">admin</Property-->
		</Authenticator>
	</SCIMAuthenticators>
</Server>
