<ServiceProvider>
	<ApplicationID>1</ApplicationID>
	<ApplicationName>default</ApplicationName>
	<Description>Default Service Provider</Description>
	<InboundAuthenticationConfig>
		<InboundAuthenticationRequestConfigs>
			<InboundAuthenticationRequestConfig>
				<InboundAuthKey>default</InboundAuthKey>
				<InboundAuthType></InboundAuthType>
				<Properties></Properties>
			</InboundAuthenticationRequestConfig>
		</InboundAuthenticationRequestConfigs>
	</InboundAuthenticationConfig>
	<LocalAndOutBoundAuthenticationConfig>
		<AuthenticationSteps>
			<AuthenticationStep>
				<StepOrder>1</StepOrder>
				<LocalAuthenticatorConfigs>
					<LocalAuthenticatorConfig>
						<Name>BasicAuthenticator</Name>
						<DisplayName>basicauth</DisplayName>
						<IsEnabled>true</IsEnabled>
					</LocalAuthenticatorConfig>
				</LocalAuthenticatorConfigs>
				<!-- FederatedIdentityProviders>
				 <IdentityProvider>
				       <IdentityProviderName>facebook</IdentityProviderName>
				       <IsEnabled>true</IsEnabled>
                                     <DefaultAuthenticatorConfig>
                                             <FederatedAuthenticatorConfig> 
                                                     <Name>FacebookAuthenticator</Name>
                                                     <IsEnabled>true</IsEnabled>
                                             </FederatedAuthenticatorConfig>
                                     </DefaultAuthenticatorConfig>
				 </IdentityProvider>
				</FederatedIdentityProviders -->
				<SubjectStep>true</SubjectStep>
				<AttributeStep>true</AttributeStep>
			</AuthenticationStep>
		</AuthenticationSteps>	
	</LocalAndOutBoundAuthenticationConfig>
	<RequestPathAuthenticatorConfigs></RequestPathAuthenticatorConfigs>
	<InboundProvisioningConfig></InboundProvisioningConfig>
	<OutboundProvisioningConfig></OutboundProvisioningConfig>
	<ClaimConfig>
          <AlwaysSendMappedLocalSubjectId>true</AlwaysSendMappedLocalSubjectId>
       </ClaimConfig>
	<PermissionAndRoleConfig></PermissionAndRoleConfig>
</ServiceProvider>
