<datasources-configuration xmlns:svns="http://org.wso2.securevault/configuration">
    <providers>
        <provider>org.wso2.carbon.ndatasource.rdbms.RDBMSDataSourceReader</provider>
    </providers>
    <datasources>
<datasource>
            <name>WSO2_CARBON_DB</name>
            <description>The datasource used for registry and user manager</description>
            <jndiConfig>
                <name>jdbc/WSO2CarbonDB</name>
            </jndiConfig>
            <definition type="RDBMS">
                <configuration>
                    <url>jdbc:oracle:thin:@192.168.48.122:1521/ora11g</url>
                    <username>WSO2CARBON_DB_2</username>
                    <password>WSO2CARBON_DB_2</password>
                    <driverClassName>oracle.jdbc.driver.OracleDriver</driverClassName>
                    <maxActive>120</maxActive>
                    <maxWait>900000</maxWait>
                    <testOnBorrow>true</testOnBorrow>
                    <validationQuery>SELECT 1 FROM DUAL</validationQuery>
                    <validationInterval>30000</validationInterval>
                </configuration>
            </definition>
        </datasource>
	<datasource>
            <name>WSO2_REG_DB</name>
            <description>The datasource used for registry and user manager</description>
            <jndiConfig>
                <name>jdbc/gregreg</name>
            </jndiConfig>
            <definition type="RDBMS">
                <configuration>
                    <url>jdbc:oracle:thin:@192.168.48.122:1521/ora11g</url>
                    <username>gregreg</username>
                    <password>gregreg</password>
                    <driverClassName>oracle.jdbc.driver.OracleDriver</driverClassName>
                    <maxActive>120</maxActive>
                    <maxWait>900000</maxWait>
                    <testOnBorrow>true</testOnBorrow>
                    <validationQuery>SELECT 1 FROM DUAL</validationQuery>
                    <validationInterval>30000</validationInterval>
                </configuration>
            </definition>
        </datasource>
        <datasource>
                <name>WSO2_USERSTORE_DB</name>
                <description>The datasource used for userstore MySQL database</description>
                <jndiConfig>
                        <name>jdbc/WSO2UserDB</name>
                </jndiConfig>
                <definition type="RDBMS">
                        <configuration>
                                <url>jdbc:oracle:thin:@192.168.48.122:1521/ora11g</url>
                                <username>greguser</username>
                                <password>greguser</password>
                                <driverClassName>oracle.jdbc.driver.OracleDriver</driverClassName>
                                <maxActive>150</maxActive>
                                <maxWait>3900000</maxWait>
                                <minIdle>5</minIdle>
                                <testOnBorrow>true</testOnBorrow>
                                <validationQuery>SELECT 1 FROM DUAL</validationQuery>
                                <validationInterval>30000</validationInterval>
                        </configuration>
                </definition>
        </datasource>
        <datasource>
            <name>WSO2AM_DB</name>
            <description>The datasource used for API Manager database</description>
            <jndiConfig>
                <name>jdbc/WSO2AM_DB</name>
            </jndiConfig>
            <definition type="RDBMS">
                <configuration>
                    <url>jdbc:oracle:thin:@192.168.48.122:1521/ora11g</url>
                    <username>WSO2AM_DB</username>
                    <password>WSO2AM_DB</password>
                    <driverClassName>oracle.jdbc.driver.OracleDriver</driverClassName>
                    <maxActive>50</maxActive>
                    <maxWait>900000</maxWait>
                    <testOnBorrow>true</testOnBorrow>
                    <validationQuery>SELECT 1 FROM DUAL</validationQuery>
                    <validationInterval>30000</validationInterval>
                </configuration>
            </definition>
        </datasource>
        <datasource>
            <name>WSO2BAM_DATASOURCE</name>
            <description>The datasource used for analyzer data</description>
            <definition type="RDBMS">
                <configuration>
                    <url>jdbc:oracle:thin:@192.168.48.122:1521/ora11g</url>
                    <username>BAM_STATS_DB</username>
                    <password>BAM_STATS_DB</password>
                    <driverClassName>oracle.jdbc.driver.OracleDriver</driverClassName>
                    <maxActive>50</maxActive>
                    <maxWait>900000</maxWait>
                    <testOnBorrow>true</testOnBorrow>
                    <validationQuery>SELECT 1 FROM DUAL</validationQuery>
                    <validationInterval>30000</validationInterval>
                </configuration>
            </definition>
        </datasource>
        <datasource>
            <name>JAGH2</name>
            <description>The datasource used for by the Jaggery Storage Manager</description>
            <jndiConfig>
                <name>jdbc/test</name>
            </jndiConfig>
            <definition type="RDBMS">
                <configuration>
                    <url>ijdbc:oracle:thin:@192.168.48.122:1521/ora11g</url>
                    <username>ES_STORAGE_2</username>
                    <password>ES_STORAGE_2</password>
                    <driverClassName>org.h2.Driver</driverClassName>
                    <maxActive>50</maxActive>
                    <maxWait>900000</maxWait>
                </configuration>
            </definition>
        </datasource>
        <!-- For an explanation of the properties, see: http://people.apache.org/~fhanik/jdbc-pool/jdbc-pool.html -->
        <!--datasource><name>SAMPLE_DATA_SOURCE</name><jndiConfig><name></name><properties><property name="java.naming.factory.initial"></property><property name="java.naming.provider.url"></property></properties></jndiConfig><definition type="RDBMS"><configuration><defaultAutoCommit></defaultAutoCommit><defaultReadOnly></defaultReadOnly><defaultTransactionIsolation>NONE|READ_COMMITTED|READ_UNCOMMITTED|REPEATABLE_READ|SERIALIZABLE</defaultTransactionIsolation><defaultCatalog></defaultCatalog><username></username><password svns:secretAlias="WSO2.DB.Password"></password><maxActive></maxActive><maxIdle></maxIdle><initialSize></initialSize><maxWait></maxWait><dataSourceClassName>com.mysql.jdbc.jdbc2.optional.MysqlXADataSource</dataSourceClassName><dataSourceProps><property name="url">jdbc:mysql://localhost:3306/Test1</property><property name="user">root</property><property name="password">123</property></dataSourceProps></configuration></definition></datasource-->
    </datasources>

</datasources-configuration>
