<!--
  ~ Copyright (c) 2015, WSO2 Inc. (http://www.wso2.org) All Rights Reserved.
  ~
  ~  WSO2 Inc. licenses this file to you under the Apache License,
  ~  Version 2.0 (the "License"); you may not use this file except
  ~  in compliance with the License.
  ~  You may obtain a copy of the License at
  ~
  ~    http://www.apache.org/licenses/LICENSE-2.0
  ~
  ~ Unless required by applicable law or agreed to in writing,
  ~ software distributed under the License is distributed on an
  ~ "AS IS" BASIS, WITHOUT WARRANTIES OR CONDITIONS OF ANY
  ~ KIND, either express or implied.  See the License for the
  ~ specific language governing permissions and limitations
  ~ under the License.
  -->

<!--
     This has the configurations for the cloud services. 
     Label, link, icon, description, and the other similar information for each of the services are
     given here. 
  -->
<cloudServices xmlns="http://wso2.com/carbon/cloud/mgt/services">
    <cloudService name="WSO2 Stratos Manager">
        <key>manager</key>
        <link>https://cloud.wso2.com</link>
    </cloudService>
    <cloudService name="WSO2 Enterprise Service Bus" default="true">
        <key>ESB</key>
        <label>Enterprise Service Bus</label>
        <link>https://esb.cloud.wso2.com</link>
        <icon>
            https://localhost:9443/cloud-services-icons/esb.gif
        </icon>
        <productPageURL>http://wso2.com/products/enterprise-service-bus/</productPageURL>
        <description>Enterprise Service Bus in the cloud.</description>
    </cloudService>
    <cloudService name="Application Server" default="true">
        <key>AS</key>
        <label>Application Server</label>
        <link>https://appserver.cloud.wso2.com</link>
        <icon>
            https://localhost:9443/cloud-services-icons/appserver.gif
        </icon>
        <productPageURL>http://wso2.com/products/application-server/</productPageURL>
        <description>Application Server in the cloud.</description>
    </cloudService>
    <cloudService name="WSO2 Data Services Server" default="true">
        <key>DSS</key>
        <label>WSO2 Data Services Server</label>
        <link>https://dss.cloud.wso2.com</link>
        <icon>
            https://localhost:9443/cloud-services-icons/ds.gif
        </icon>
        <productPageURL>http://wso2.com/products/data-services-server/</productPageURL>
        <description>Data Services Server in the cloud.</description>
    </cloudService>
    <cloudService name="WSO2 Governance Registry" default="true">
        <key>Greg</key>
        <label>Governance</label>
        <link>https://governance.cloud.wso2.com</link>
        <description>Governance in the cloud.</description>
        <icon>
            https://localhost:9443/cloud-services-icons/governance.gif
        </icon>
        <productPageURL>http://wso2.com/products/governance-registry/</productPageURL>
    </cloudService>
    <cloudService name="WSO2 Identity Server" default="true">
        <key>IS</key>
        <label>WSO2 Identity Server</label>
        <link>https://identity.cloud.wso2.com</link>
        <icon>
            https://localhost:9443/cloud-services-icons/identity.gif
        </icon>
        <description>Identity in the cloud.</description>
        <productPageURL>http://wso2.com/products/identity-server/</productPageURL>
    </cloudService>
    <cloudService name="WSO2 Business Activity Monitor" default="true">
        <label>Business Activity Monitor</label>
        <link>https://bam.cloud.wso2.com</link>
        <icon>
            https://localhost:9443/cloud-services-icons/bam.gif
        </icon>
        <description>Business Activity Monitor in the cloud.</description>
        <productPageURL>http://wso2.com/products/business-activity-monitor/</productPageURL>
    </cloudService>
    <cloudService name="WSO2 Business Process Server" default="true">
        <key>BPS</key>
        <label>Business Process Server</label>
        <link>https://bps.cloud.wso2.com</link>
        <icon>
            https://localhost:9443/cloud-services-icons/bps.gif
        </icon>
        <description>Business Process Server in the cloud.</description>
        <productPageURL>http://wso2.com/products/business-process-server/</productPageURL>
    </cloudService>
    <cloudService name="WSO2 Business Rule Server" default="true">
        <key>BRS</key>
        <label>Business Rule Server</label>
        <link>https://brs.cloud.wso2.com</link>
        <icon>
            https://localhost:9443/cloud-services-icons/brs.gif
        </icon>
        <description>Business Rules Server in the cloud.</description>
        <productPageURL>http://wso2.com/products/business-rules-server/</productPageURL>
    </cloudService>
    <cloudService name="WSO2 Mashup Server" default="true">
        <key>MB</key>
        <label>Mashup Server</label>
        <link>https://mashup.cloud.wso2.com</link>
        <icon>
            https://localhost:9443/cloud-services-icons/mashup.gif
        </icon>
        <description>Mashup Server in the cloud.</description>
        <productPageURL>http://wso2.com/products/mashup-server/</productPageURL>
    </cloudService>
    <cloudService name="WSO2 Gadget Server" default="true">
        <key>GS</key>
        <label>Gadget Server</label>
        <link>https://gadget.cloud.wso2.com</link>
        <icon>
            https://localhost:9443/cloud-services-icons/gadget.gif
        </icon>
        <description>Gadgets in the cloud.</description>
        <productPageURL>http://wso2.com/products/gadget-server/</productPageURL>
    </cloudService>
    <cloudService name="Cloud Gateway" default="true">
        <key>CG</key>
        <label>Cloud Gateway</label>
        <link>https://cg.stratoslive.wso2.com</link>
        <icon>
            https://localhost:9443/cloud-services-icons/csg.gif
        </icon>
        <description>Cloud Gateway in the cloud.</description>
        <productPageURL>http://wso2.com/products/cloud-services-gateway/</productPageURL>
        <!-- FIXME, put the correct project home -->
    </cloudService>
    <cloudService name="WSO2 Complex Event Processor" default="true">
        <key>CEP</key>
        <label>Complex Event Processor</label>
        <link>https://cep.cloud.wso2.com</link>
        <icon>
            https://localhost:9443/cloud-services-icons/cep.gif
        </icon>
        <productPageURL>http://wso2.com/products/complex-event-processing-server/</productPageURL>
        <!-- FIXME, put the correct project home -->
        <description>Complex Event Processor in the cloud.</description>
    </cloudService>
    <cloudService name="WSO2 Message Broker" default="true">
        <key>MB</key>
        <label>Message Broker</label>
        <link>https://mb.cloud.wso2.com</link>
        <icon>
            https://localhost:9443/cloud-services-icons/mb.gif
        </icon>
        <productPageURL>http://wso2.com/products/message-broker/</productPageURL>
        <description>Message Broker in the cloud.</description>
    </cloudService>
    <cloudService name="WSO2 Storage Server" default="true">
        <key>SS</key>
        <label>WSO2 Storage Server</label>
        <link>https://ss.stratoslive.wso2.com</link>
        <icon>
            https://localhost:9443/cloud-services-icons/ss.gif
        </icon>
        <description>WSO2 Storage Server.</description>
        <productPageURL>http://wso2.com/products/storage-server/</productPageURL>
    </cloudService>
    <cloudService name="WSO2 App Factory" default="true">
        <key>AF</key>
        <label>WSO2 App Factory</label>
        <link>https://milestones.appfactory.wso2.com</link>
        <icon>
            https://localhost:9443/cloud-services-icons/af.gif
        </icon>
        <description>WSO2 App Factory.</description>
        <productPageURL>http://wso2.com/cloud/app-factory</productPageURL>
    </cloudService>

</cloudServices>
