<!--
  ~ Copyright WSO2, Inc. (http://wso2.com)
  ~
  ~ Licensed under the Apache License, Version 2.0 (the "License");
  ~ you may not use this file except in compliance with the License.
  ~ You may obtain a copy of the License at
  ~
  ~ http://www.apache.org/licenses/LICENSE-2.0
  ~
  ~ Unless required by applicable law or agreed to in writing, software
  ~ distributed under the License is distributed on an "AS IS" BASIS,
  ~ WITHOUT WARRANTIES OR CONDITIONS OF ANY KIND, either express or implied.
  ~ See the License for the specific language governing permissions and
  ~ limitations under the License.
  -->
        
<UserManager>
    <Realm>
        <Configuration>
		<AddAdmin>true</AddAdmin>
                <AdminRole>adminiRole</AdminRole>
                <AdminUser>
                     <UserName>Administrator</UserName>
                     <Password>ADadmin1234#</Password>
                </AdminUser>
            <EveryOneRoleName>everyone</EveryOneRoleName> <!-- By default users in this role sees the registry root -->
            <Property name="dataSource">jdbc/WSO2UserDB</Property>
        </Configuration>
	<!-- Following is the default user store manager. This user store manager is based on embedded-apacheds LDAP. It reads/writes users and roles into the 		     default apacheds LDAP user store. Descriptions about each of the following properties can be found in user management documentation of the 	 respective product. In case if user core cache domain is needed to identify uniquely set property <Property name="UserCoreCacheIdentifier">domain</Property>
	     Note: Do not comment within UserStoreManager tags. Cause, specific tag names are used as tokens when building configurations for products. -->
	<!--UserStoreManager class="org.wso2.carbon.user.core.ldap.ReadWriteLDAPUserStoreManager">
            <Property name="TenantManager">org.wso2.carbon.user.core.tenant.CommonHybridLDAPTenantManager</Property>
            <Property name="ConnectionURL">ldap://localhost:${Ports.EmbeddedLDAP.LDAPServerPort}</Property>
            <Property name="ConnectionName">uid=admin,ou=system</Property>
            <Property name="ConnectionPassword">admin</Property>
            <Property name="Disabled">false</Property>           
            <Property name="passwordHashMethod">SHA</Property>
            <Property name="UserNameListFilter">(objectClass=person)</Property>
	    <Property name="UserEntryObjectClass">wso2Person</Property>
            <Property name="UserSearchBase">ou=Users,dc=wso2,dc=org</Property>
            <Property name="UserNameSearchFilter">(&amp;(objectClass=person)(uid=?))</Property>
            <Property name="UserNameAttribute">uid</Property>
            <Property name="PasswordJavaScriptRegEx">^[\S]{5,30}$</Property>
            <Property name="UsernameJavaScriptRegEx">^[\S]{3,30}$</Property>
	    <Property name="UsernameJavaRegEx">[a-zA-Z0-9._-|//]{3,30}$</Property>
            <Property name="RolenameJavaScriptRegEx">^[\S]{3,30}$</Property>
            <Property name="RolenameJavaRegEx">[a-zA-Z0-9._-|//]{3,30}$</Property>
            <Property name="ReadGroups">true</Property>
	    <Property name="WriteGroups">true</Property>
	    <Property name="EmptyRolesAllowed">true</Property>
            <Property name="GroupSearchBase">ou=Groups,dc=wso2,dc=org</Property>
            <Property name="GroupNameListFilter">(objectClass=groupOfNames)</Property>
            <Property name="GroupEntryObjectClass">groupOfNames</Property>
            <Property name="GroupNameSearchFilter">(&amp;(objectClass=groupOfNames)(cn=?))</Property>
            <Property name="GroupNameAttribute">cn</Property>
            <Property name="SharedGroupNameAttribute">cn</Property>
            <Property name="SharedGroupSearchBase">ou=SharedGroups,dc=wso2,dc=org</Property>
            <Property name="SharedGroupEntryObjectClass">groupOfNames</Property>
            <Property name="SharedGroupNameListFilter">(objectClass=groupOfNames)</Property>
            <Property name="SharedGroupNameSearchFilter">(&amp;(objectClass=groupOfNames)(cn=?))</Property>
            <Property name="SharedTenantNameListFilter">(objectClass=organizationalUnit)</Property>
            <Property name="SharedTenantNameAttribute">ou</Property>
            <Property name="SharedTenantObjectClass">organizationalUnit</Property>
	    <Property name="MembershipAttribute">member</Property>
	    <Property name="UserRolesCacheEnabled">true</Property>
	    <Property name="UserDNPattern">uid={0},ou=Users,dc=wso2,dc=org</Property>
            <Property name="MaxRoleNameListLength">100</Property>
            <Property name="MaxUserNameListLength">100</Property>
            <Property name="SCIMEnabled">false</Property>
        </UserStoreManager-->

	<!-- Following is the configuration for internal JDBC user store. This user store manager is based on JDBC. In case if application needs to manage 		     passwords externally set property <Property name="PasswordsExternallyManaged">true</Property>. In case if user core cache domain is needed to 			identify uniquely set property <Property name="UserCoreCacheIdentifier">domain</Property>. Furthermore properties, IsEmailUserName and 	     			DomainCalculation are readonly properties. 
	     Note: Do not comment within UserStoreManager tags. Cause, specific tag names are used as tokens when building configurations for products. -->	
        <!--UserStoreManager class="org.wso2.carbon.user.core.jdbc.JDBCUserStoreManager">
            <Property name="TenantManager">org.wso2.carbon.user.core.tenant.JDBCTenantManager</Property>
	    <Property name="ReadOnly">false</Property>
            <Property name="MaxUserNameListLength">100</Property>
            <Property name="IsEmailUserName">false</Property>
            <Property name="DomainCalculation">default</Property>
            <Property name="PasswordDigest">SHA-256</Property>
            <Property name="StoreSaltedPassword">true</Property>
            <Property name="ReadGroups">true</Property>
	    <Property name="WriteGroups">true</Property>
            <Property name="UserNameUniqueAcrossTenants">false</Property>
            <Property name="PasswordJavaRegEx">^[\S]{5,30}$</Property>
            <Property name="PasswordJavaScriptRegEx">^[\S]{5,30}$</Property>
	    <Property name="UsernameJavaRegEx">^[^~!#$;%^*+={}\\|\\\\&lt;&gt;,\'\"]{3,30}$</Property>
	    <Property name="UsernameJavaScriptRegEx">^[\S]{3,30}$</Property>
	    <Property name="RolenameJavaRegEx">^[^~!#$;%^*+={}\\|\\\\&lt;&gt;,\'\"]{3,30}$</Property>
	    <Property name="RolenameJavaScriptRegEx">^[\S]{3,30}$</Property>
            <Property name="UserRolesCacheEnabled">true</Property>
            <Property name="MaxRoleNameListLength">100</Property>
            <Property name="MaxUserNameListLength">100</Property>
	    <Property name="SharedGroupEnabled">false</Property>
            <Property name="SCIMEnabled">false</Property>
        </UserStoreManager-->
	
	<!-- If product is using an external LDAP as the user store in READ ONLY mode, use following user manager.
		In case if user core cache domain is needed to identify uniquely set property <Property name="UserCoreCacheIdentifier">domain</Property>
 	-->
        <!--UserStoreManager class="org.wso2.carbon.user.core.ldap.ReadOnlyLDAPUserStoreManager">
            <Property name="TenantManager">org.wso2.carbon.user.core.tenant.CommonHybridLDAPTenantManager</Property>
            <Property name="ReadOnly">true</Property>
            <Property name="Disabled">false</Property>                       
	    <Property name="MaxUserNameListLength">100</Property>
            <Property name="ConnectionURL">ldap://localhost:10389</Property>
            <Property name="ConnectionName">uid=admin,ou=system</Property>
            <Property name="ConnectionPassword">admin</Property>
	    <Property name="passwordHashMethod">PLAIN_TEXT</Property>
            <Property name="UserSearchBase">ou=system</Property>
            <Property name="UserNameListFilter">(objectClass=person)</Property>
	    <Property name="UserNameSearchFilter">(&amp;(objectClass=person)(uid=?))</Property>
            <Property name="UserNameAttribute">uid</Property>
	    <Property name="ReadGroups">true</Property>
            <Property name="GroupSearchBase">ou=system</Property>
            <Property name="GroupNameListFilter">(objectClass=groupOfNames)</Property>
	    <Property name="GroupNameSearchFilter">(&amp;(objectClass=groupOfNames)(cn=?))</Property>
            <Property name="GroupNameAttribute">cn</Property>
            <Property name="SharedGroupNameAttribute">cn</Property>
            <Property name="SharedGroupSearchBase">ou=SharedGroups,dc=wso2,dc=org</Property>
            <Property name="SharedGroupNameListFilter">(objectClass=groupOfNames)</Property>
            <Property name="SharedTenantNameListFilter">(objectClass=organizationalUnit)</Property>
            <Property name="SharedTenantNameAttribute">ou</Property>
            <Property name="SharedTenantObjectClass">organizationalUnit</Property>
	    <Property name="MembershipAttribute">member</Property>
            <Property name="UserRolesCacheEnabled">true</Property>
	    <Property name="ReplaceEscapeCharactersAtUserLogin">true</Property>
            <Property name="MaxRoleNameListLength">100</Property>
            <Property name="MaxUserNameListLength">100</Property>
            <Property name="SCIMEnabled">false</Property>
        </UserStoreManager-->
	
	<!-- Active directory configuration is as follows.
	    In case if user core cache domain is needed to identify uniquely set property <Property name="UserCoreCacheIdentifier">domain</Property>
	    There are few special properties for "Active Directory". 
	    They are : 
	    1.Referral - (comment out this property if this feature is not reuired) This enables LDAP referral support.
	    2.BackLinksEnabled - (Do not comment, set to true or false) In some cases LDAP works with BackLinksEnabled. In which role is stored
	     at user level. Depending on this value we need to change the Search Base within code.
	    3.isADLDSRole - (Do not comment) Set to true if connecting to an AD LDS instance else set to false.  
	-->
	<!--UserStoreManager class="org.wso2.carbon.user.core.ldap.ActiveDirectoryUserStoreManager">
            <Property name="TenantManager">org.wso2.carbon.user.core.tenant.CommonHybridLDAPTenantManager</Property>
            <Property name="defaultRealmName">WSO2.ORG</Property>
            <Property name="Disabled">false</Property>                                   
            <Property name="kdcEnabled">false</Property>
            <Property name="ConnectionURL">ldaps://10.100.1.100:636</Property> 
            <Property name="ConnectionName">CN=admin,CN=Users,DC=WSO2,DC=Com</Property>
            <Property name="ConnectionPassword">A1b2c3d4</Property>
	    <Property name="passwordHashMethod">PLAIN_TEXT</Property>
            <Property name="UserSearchBase">CN=Users,DC=WSO2,DC=Com</Property>
            <Property name="UserEntryObjectClass">user</Property>
            <Property name="UserNameAttribute">cn</Property>
            <Property name="isADLDSRole">false</Property>
	    <Property name="userAccountControl">512</Property>
            <Property name="UserNameListFilter">(objectClass=user)</Property>
	    <Property name="UserNameSearchFilter">(&amp;(objectClass=user)(cn=?))</Property>
            <Property name="UsernameJavaRegEx">[a-zA-Z0-9._-|//]{3,30}$</Property>
            <Property name="UsernameJavaScriptRegEx">^[\S]{3,30}$</Property>
            <Property name="PasswordJavaScriptRegEx">^[\S]{5,30}$</Property>
	    <Property name="RolenameJavaScriptRegEx">^[\S]{3,30}$</Property>
            <Property name="RolenameJavaRegEx">[a-zA-Z0-9._-|//]{3,30}$</Property>
	    <Property name="ReadGroups">true</Property>
	    <Property name="WriteGroups">true</Property>
	    <Property name="EmptyRolesAllowed">true</Property>
            <Property name="GroupSearchBase">CN=Users,DC=WSO2,DC=Com</Property>
	    <Property name="GroupEntryObjectClass">group</Property>
            <Property name="GroupNameAttribute">cn</Property>
            <Property name="SharedGroupNameAttribute">cn</Property>
            <Property name="SharedGroupSearchBase">ou=SharedGroups,dc=wso2,dc=org</Property>
            <Property name="SharedGroupEntryObjectClass">groups</Property>
            <Property name="SharedTenantNameListFilter">(object=organizationalUnit)</Property>
            <Property name="SharedTenantNameAttribute">ou</Property>
            <Property name="SharedTenantObjectClass">organizationalUnit</Property>
            <Property name="MembershipAttribute">member</Property>
            <Property name="GroupNameListFilter">(objectcategory=group)</Property>
	    <Property name="GroupNameSearchFilter">(&amp;(objectClass=group)(cn=?))</Property>
            <Property name="UserRolesCacheEnabled">true</Property>
            <Property name="Referral">follow</Property>
	    <Property name="BackLinksEnabled">true</Property>
            <Property name="MaxRoleNameListLength">100</Property>
            <Property name="MaxUserNameListLength">100</Property>
            <Property name="SCIMEnabled">false</Property>
        </UserStoreManager-->
	
	<!-- If product is using an external LDAP as the user store in read/write mode, use following user manager 
		In case if user core cache domain is needed to identify uniquely set property <Property name="UserCoreCacheIdentifier">domain</Property>
	-->
	    <!--UserStoreManager class="org.wso2.carbon.user.core.ldap.ActiveDirectoryUserStoreManager">
            <Property name="TenantManager">org.wso2.carbon.user.core.tenant.CommonHybridLDAPTenantManager</Property>
            <Property name="defaultRealmName">WSO2.TEST</Property>
            <Property name="Disabled">false</Property>                                  
            <Property name="kdcEnabled">false</Property>
            <Property name="ConnectionURL">ldaps://192.168.48.152:636</Property>
            <Property name="ConnectionName">CN=Administrator,CN=Users,DC=WSO2,DC=TEST</Property>
            <Property name="ConnectionPassword">ADadmin123#</Property>
        <Property name="passwordHashMethod">PLAIN_TEXT</Property>
            <Property name="UserSearchBase">CN=Users,DC=WSO2,DC=TEST</Property>
            <Property name="UserEntryObjectClass">user</Property>
            <Property name="UserNameAttribute">cn</Property>
            <Property name="isADLDSRole">false</Property>
        <Property name="userAccountControl">512</Property>
            <Property name="UserNameListFilter">(objectClass=user)</Property>
        <Property name="UserNameSearchFilter">(&amp;(objectClass=user)(cn=?))</Property>
            <Property name="UsernameJavaRegEx">[a-zA-Z0-9._-|//]{3,30}$</Property>
            <Property name="UsernameJavaScriptRegEx">^[\S]{3,30}$</Property>
            <Property name="PasswordJavaScriptRegEx">^[\S]{5,30}$</Property>
        <Property name="RolenameJavaScriptRegEx">^[\S]{3,30}$</Property>
            <Property name="RolenameJavaRegEx">[a-zA-Z0-9._-|//]{3,30}$</Property>
        <Property name="ReadGroups">true</Property>
        <Property name="WriteGroups">true</Property>
        <Property name="EmptyRolesAllowed">true</Property>
            <Property name="GroupSearchBase">CN=Users,DC=WSO2,DC=TEST</Property>
        <Property name="GroupEntryObjectClass">group</Property>
            <Property name="GroupNameAttribute">cn</Property>
            <Property name="SharedGroupNameAttribute">cn</Property>
            <Property name="SharedGroupSearchBase">ou=SharedGroups,dc=wso2,dc=org</Property>
            <Property name="SharedGroupEntryObjectClass">groups</Property>
            <Property name="SharedTenantNameListFilter">(object=organizationalUnit)</Property>
            <Property name="SharedTenantNameAttribute">ou</Property>
            <Property name="SharedTenantObjectClass">organizationalUnit</Property>
            <Property name="MembershipAttribute">member</Property>
            <Property name="GroupNameListFilter">(objectcategory=group)</Property>
        <Property name="GroupNameSearchFilter">(&amp;(objectClass=group)(cn=?))</Property>
            <Property name="UserRolesCacheEnabled">true</Property>
            <Property name="Referral">follow</Property>
        <Property name="BackLinksEnabled">false</Property>
            <Property name="MaxRoleNameListLength">100</Property>
            <Property name="MaxUserNameListLength">100</Property>
            <Property name="SCIMEnabled">false</Property>
        <Property name="ConnectionPoolingEnabled">false</Property>
        </UserStoreManager-->

	<UserStoreManager class="org.wso2.carbon.user.core.ldap.ReadOnlyLDAPUserStoreManager">
            <Property name="TenantManager">org.wso2.carbon.user.core.tenant.CommonHybridLDAPTenantManager</Property>
            <Property name="ReadOnly">true</Property>
            <Property name="Disabled">false</Property>
            <Property name="MaxUserNameListLength">100</Property>
            <Property name="ConnectionURL">ldaps://192.168.48.152:636</Property>
            <Property name="ConnectionName">CN=Administrator,CN=Users,DC=wso2,DC=test</Property>
            <Property name="ConnectionPassword">ADadmin1234#</Property>
            <Property name="passwordHashMethod">PLAIN_TEXT</Property>
            <Property name="UserSearchBase">CN=Users,DC=wso2,DC=test</Property>
            <Property name="UserNameListFilter">(objectClass=person)</Property>
            <Property name="UserNameSearchFilter">(&amp;(objectClass=person)(cn=?))</Property>
            <Property name="UserNameAttribute">cn</Property>
            <Property name="ReadGroups">true</Property>
            <Property name="WriteGroups">true</Property>
            <Property name="GroupSearchBase">CN=Users,DC=wso2,DC=test</Property>
            <!--Property name="GroupNameListFilter">(objectClass=group)</Property>
            <Property name="GroupNameSearchFilter">(&amp;(objectClass=group)(cn=?))</Property-->
            <Property name="GroupNameListFilter">(&amp;(objectClass=group)(cn=azg_SOA*))</Property>>
            <Property name="GroupNameSearchFilter">(&amp;(&amp;(objectClass=group)(cn=azg_SOA*))(cn=?))</Property>
            <Property name="GroupNameAttribute">cn</Property>
            <Property name="SharedGroupNameAttribute">cn</Property>
            <Property name="SharedGroupSearchBase">CN=Users,DC=wso2,DC=test</Property>
            <Property name="SharedGroupNameListFilter">(objectClass=groupOfNames)</Property>
            <Property name="SharedTenantNameListFilter">(objectClass=organizationalUnit)</Property>
            <Property name="SharedTenantNameAttribute">ou</Property>
            <Property name="SharedTenantObjectClass">organizationalUnit</Property>
            <Property name="MembershipAttribute">member</Property>
            <Property name="UserRolesCacheEnabled">true</Property>
            <Property name="ReplaceEscapeCharactersAtUserLogin">true</Property>
            <Property name="MaxRoleNameListLength">100</Property>
            <Property name="MaxUserNameListLength">100</Property>
            <Property name="SCIMEnabled">false</Property>
        </UserStoreManager>

	<!-- Following user manager is used by Identity Server (IS) as its default user manager. 
	     IS will do token replacement when building the product. Therefore do not change the syntax. 
	     If "kdcEnabled" parameter is true, IS will allow service principle management. Thus "ServicePasswordJavaRegEx", "ServiceNameJavaRegEx"
	     properties control the service name format and service password formats.
	     In case if user core cache domain is needed to identify uniquely set property <Property name="UserCoreCacheIdentifier">domain</Property>
	-->
	<!--UserStoreManager class="org.wso2.carbon.user.core.ldap.ReadWriteLDAPUserStoreManager">
            <Property name="TenantManager">org.wso2.carbon.user.core.tenant.CommonHybridLDAPTenantManager</Property>
            <Property name="defaultRealmName">WSO2.ORG</Property>
            <Property name="kdcEnabled">false</Property>
            <Property name="Disabled">false</Property>                                   
            <Property name="ConnectionURL">ldap://localhost:${Ports.EmbeddedLDAP.LDAPServerPort}</Property>
            <Property name="ConnectionName">uid=admin,ou=system</Property>
            <Property name="ConnectionPassword">admin</Property>
            <Property name="passwordHashMethod">SHA</Property>
            <Property name="UserNameListFilter">(objectClass=person)</Property>
            <Property name="UserEntryObjectClass">identityPerson</Property>
            <Property name="UserSearchBase">ou=Users,dc=wso2,dc=org</Property>
            <Property name="UserNameSearchFilter">(&amp;(objectClass=person)(uid=?))</Property>
            <Property name="UserNameAttribute">uid</Property>
            <Property name="PasswordJavaScriptRegEx">^[\S]{5,30}$</Property>
	    <Property name="ServicePasswordJavaRegEx">^[\\S]{5,30}$</Property>
	    <Property name="ServiceNameJavaRegEx">^[\\S]{2,30}/[\\S]{2,30}$</Property>
            <Property name="UsernameJavaScriptRegEx">^[\S]{3,30}$</Property>
            <Property name="UsernameJavaRegEx">[a-zA-Z0-9._-|//]{3,30}$</Property>
            <Property name="RolenameJavaScriptRegEx">^[\S]{3,30}$</Property>
            <Property name="RolenameJavaRegEx">[a-zA-Z0-9._-|//]{3,30}$</Property>
	    <Property name="ReadGroups">true</Property>
	    <Property name="WriteGroups">true</Property>
	    <Property name="EmptyRolesAllowed">true</Property>
            <Property name="GroupSearchBase">ou=Groups,dc=wso2,dc=org</Property>
            <Property name="GroupNameListFilter">(objectClass=groupOfNames)</Property>
	    <Property name="GroupEntryObjectClass">groupOfNames</Property>
            <Property name="GroupNameSearchFilter">(&amp;(objectClass=groupOfNames)(cn=?))</Property>
            <Property name="GroupNameAttribute">cn</Property>
            <Property name="SharedGroupNameAttribute">cn</Property>
            <Property name="SharedGroupSearchBase">ou=SharedGroups,dc=wso2,dc=org</Property>
            <Property name="SharedGroupEntryObjectClass">groupOfNames</Property>
            <Property name="SharedGroupNameListFilter">(objectClass=groupOfNames)</Property>
            <Property name="SharedGroupNameSearchFilter">(&amp;(objectClass=groupOfNames)(cn=?))</Property>
            <Property name="SharedTenantNameListFilter">(objectClass=organizationalUnit)</Property>
            <Property name="SharedTenantNameAttribute">ou</Property>
            <Property name="SharedTenantObjectClass">organizationalUnit</Property>
            <Property name="MembershipAttribute">member</Property>
            <Property name="UserRolesCacheEnabled">true</Property>
	    <Property name="UserDNPattern">uid={0},ou=Users,dc=wso2,dc=org</Property>
	    <Property name="RoleDNPattern">cn={0},ou=Groups,dc=wso2,dc=org</Property>
	    <Property name="SCIMEnabled">true</Property>
            <Property name="MaxRoleNameListLength">100</Property>
            <Property name="MaxUserNameListLength">100</Property>
        </UserStoreManager-->

	<!--	Following configuration is for the CassandraUserStoreManager. The CassandraUserStoreManager is capable of using a Cassandra
		database as a user store. This user manager supports multiple credentials for authentication. Credential types can be defined
		and configured in the following configuration. The CassandraUserStoreManager does not ships with the any of the WSO2 Carbon
		Servers by default, therefor Cassandra user manager component needs to be installed to the Carbon Server befor using.

		And if this CassandraUserStoreManager is used as the primary user store with multi tenants, it should also implement a 
		compatible TenantManager and set property <Property name="TenantManager">FULL_QUALIFIED_TENANT_MANAGER_CLASS_NAME</Property>.
	-->
	<!--UserStoreManager class="org.wso2.carbon.user.cassandra.CassandraUserStoreManager">
	    <Property name="Keyspace">User_KS3</Property>
	    <Property name="Host">localhost</Property>
	    <Property name="Port">9160</Property>
	    <Property name="PasswordDigest">SHA-256</Property>
	    <Property name="StoreSaltedPassword">true</Property>
	    <Property name="AuthenticateWithAnyCredential">true</Property>
	    <Property name="DomainName">multipleCredentialUserStoreDomain</Property>
	        <MultipleCredentials>
		    <Credential type="Default">org.wso2.carbon.user.cassandra.credentialtypes.EmailCredential</Credential>
		    <Credential type="Email">org.wso2.carbon.user.cassandra.credentialtypes.EmailCredential</Credential>
		    <Credential type="PhoneNumber">org.wso2.carbon.user.cassandra.credentialtypes.PhoneNumberCredential</Credential>
		    <Credential type="Device">org.wso2.carbon.user.cassandra.credentialtypes.DeviceCredential</Credential>
		    <Credential type="External">org.wso2.carbon.user.cassandra.credentialtypes.ExternalProviderCredential</Credential>
	        </MultipleCredentials>
	</UserStoreManager-->

        <AuthorizationManager
            class="org.wso2.carbon.user.core.authorization.JDBCAuthorizationManager">
            <Property name="AdminRoleManagementPermissions">/permission</Property>
	    <Property name="AuthorizationCacheEnabled">true</Property>
        </AuthorizationManager>
    </Realm>
</UserManager>

<!--*******Description of some of the configuration properties used in user-mgt.xml*********************************

DomainName - This property must be used by all secondary user store managers in multiple user store configuration. 
	     DomainName is a unique identifier given to the user store. Users must provide both the domain name and 
	     username at log-in as "DomainName\Username"

UserRolesCacheEnabled - This is to indicate whether to cache role list of a user. By default it is set to true.
                        You may need to disable it if user-roles are changed by external means and need to reflect
                        those changes in the carbon product immediately.

ReplaceEscapeCharactersAtUserLogin - This is to configure whether escape characters in user name needs to be replaced at user login.
				     Currently the identified escape characters that needs to be replaced are '\' & '\\'

UserDNPattern - This property will be used when authenticating users. During authentication we do a bind. But if the user is login with
                email address or some other property we need to first lookup LDAP and retreive DN for the user. This involves an additional step. 
                If UserDNPattern is specified the DN will be contructed using the pattern specified in this property. Performance of this is much better than looking
                up DN and binding user.

RoleDNPattern - This property will be used when checking whether user has been assigned to a given role. Rather than searching the role in search base, by 
                using this property direct search can be done.

passwordHashMethod - This says how the password should be stored. Allowed values are as follows,
                     SHA - Uses SHA digest method
                     MD5 - Uses MD 5 digest method
                     PLAIN_TEXT - Plain text passwords
                     In addition to above this supports all digest methods supported by http://docs.oracle.com/javase/6/docs/api/java/security/MessageDigest.html.

DisplayNameAttribute - this is to have a dedicated LDAP attribute to display an entity(User/Role) in UI, in addition to the UserNameAttribute which is used for IS-UserStore interactions.
-->
