0698d7a02d69eef7d14dc481c735,
116e8227f32bd92c9dbf0f4e3d389a1,
11eb8166feaa1f837faa9732e8913,
1232e7569a4b9fcd82803c455d3a995a,
14280b2f50f73a47b91d2defe271df,
15349e1582b3bc16a143c7f3c27911ff,
18b7b7e2fb905ca27fd77d689eae4365,
2042c62879afb3d6beeb6489d23896d,
2568c7da1e08c8b18ade5d5b3a836,
28dab1129d755945fd66b0edbc82c0cc,
295191db95349e5667aa39e4eeb8bcc7,
2af5e3c49f6e1c7a0453cdb6749e1f2,
30f26c701edace0d1f94a6e42987916,
349b34f5345ed648f4533ef2e05b52,
39b23a64c26046b6385d68a5cf2c2a56,
39fe888d8e4cba2b713f745c8a6d20a7,
3a7e631a3888192f2b4b1caa8fa3a3f,
3b234757b45a7580c5a5d833895e3dc0,
3b9830112ad179c48bf2381a1784e17,
3d29193b773b495d31a79a434543,
3e67677b90e06337b5841336654eab7,
4844d603bd93d5ad2a772b8cb57c91,
4ba80d572dbe8c3a5c2af1f3c85a4,
4cb26aa7341817e92d2f10dacbd3719f,
4e380a9ff1dc8263e77d66ac4b6e122,
52125519587875deb1ecab2147947,
52f6a7e58d157ac5835c138091b1,
548b3cb88ef1ae8f8d31bf3e31c9bb,
55998ff21035f4b586723f216a33719,
5725b4fdc198bcee2a81e5149acac72,
57748e232edf63ccad5eb57d9de3390,
578f79b6acc87166717481554ef9154,
5fe72529ed060516cdd382e335efb69,
60187114a4ff2ef4a85146e4fa3cd74,
60d3ae48e3a835f7d2693f692ed174b8,
61dde83e118442913c4a625470f4679,
65dfba37a288ae730e66c779a7f5998,
6853b0777ab3ba50635249d0a8f54e35,
69ed132b78b678b46cc4376fb149a97,
6a7685355748693bfa02e65592a2393,
6e94985db65a936475f75611e7ef016,
704a3abc47cedec8318935df9f6ff0,
758b9610a3947d3db8f5e2c5f512fca,
76ebbef92de184b731cfaff3695d5,
79af3b4d9efa1f8b4dab89f55842cdb,
7b14205355d5ff11ab2f82c60d11461,
7def1f65c323a323853512b36decad0,
7f52e66f64377b2dc6a1ade6a73924b,
7ff67c1cda883561e8b4a8c821c4c,
814c15422c9b67e68b2dbf3446a33dfb,
822dd19b52e558e12dd741b13a1c934,
84822ead7d421041d54ad614a971373,
86ea596bb4a2e1f7780679ba098685d,
888b99ffd0bfd5865196f388655f81,
8c7b9f6a4c6596676c37d9d22290b81,
8e623dc48ce3a46522f6b20a828554e,
8f985a96d94b0c37be7b4932a5655ae,
91fd34b4172ecc5921cf764282a25b8,
929bac7aa875dd8f13f821fc3bb6bb9,
959c90be873f913b27bfe51f7beadb87,
989c8452caac98802184ac61efa04880,
9b4a9c5783860aec755897dbf5b899,
9dd85adc1eab1d088a44f1de13fed17,
a442deaf8169bee3528a5ca54e2ffe,
a6c5f99ac5ff5f9e613caed968cfcb3b,
a77ad389743df4234b55c8bdc91f1e,
a8ec7acec15d4a5ee5e7b41dc715a28,
acc2499fd5f73ba032a3585c8dbcf64,
ae1db72b1637956e2b8f3ab368dc8623,
ae632fa0fbdcdab7a6d40176dc25748,
b0d8e1bd309242cacf584271ba981b47,
b381df1b294ee855858ec6eca652c25,
b51537564c4abfdebca56d784752b325,
b551ee464d5ea5a7fc55b13f693d3a32,
b5baa4c1277a9e96bb690897cb38f10,
b9b1cdc131941324e5a674935b90811,
bfe9c1df82f41c29195a6c41995ad9,
c096f5209a951a3cf6f1ae9b87a7e64e,
c392741b38f2131dbbc5352e466d5,
cc54c02e8455eecfd0f11bee809056e,
cd1b97956993dc7014ffc7a9269be5a,
d4171415dc5c5a68e39a1ac944242c58,
dbc8b95716ffadf6d077d08497183864,
de7793415286873cecc9729b4fd49b,
e0646ae246bb19c136e8b84eb9ce1f64,
e11a6910522560d52cae975b81fffc9,
e248b178f6be6fb2706bf589f7a45,
e267faea8cbd57a4bcb9bc82b9fe8cf,
e3084fe5660927a27af56d6971dd171,
e44ad691388fc132d3e6482dd1f3c933,
e7869325f48621e2f65d67b6e3bdb7,
e8bd476472acb4a3bf8ffe4a4307c18,
ebdc5bdc5ec0529310345eb177a4d38,
ee6e36b43be4e6bd9c524a4897cc3cb0,
f2745caaef8b476802a79afa3ad3cb,
f2d536e09ce4db7a3d8ac2f4ce758f8,
f565122689bc83a9a3f2987b7a2c72,
f91c622b7b9d90674d61deccee3a9852,
fdc57290d7881b8332d4f8ff5b89b7,
fe683fbf2b5b533b5889d9bbdd682,
jXlxIfxIrlHwzf6QwYonWbFjmMoa

