<!--
 ~ Copyright (c) 2005-2011, WSO2 Inc. (http://www.wso2.org) All Rights Reserved.
 ~
 ~ WSO2 Inc. licenses this file to you under the Apache License,
 ~ Version 2.0 (the "License"); you may not use this file except
 ~ in compliance with the License.
 ~ You may obtain a copy of the License at
 ~
 ~    http://www.apache.org/licenses/LICENSE-2.0
 ~
 ~ Unless required by applicable law or agreed to in writing,
 ~ software distributed under the License is distributed on an
 ~ "AS IS" BASIS, WITHOUT WARRANTIES OR CONDITIONS OF ANY
 ~ KIND, either express or implied.  See the License for the
 ~ specific language governing permissions and limitations
 ~ under the License.
 -->

<!--
    This is the configuration file for logging specific properties.
-->

<loggingConfig xmlns="http://wso2.org/projects/carbon/carbon.xml">
    <isDataFromCassandra>false</isDataFromCassandra>
    <!--Set the BAM Event publisher host url which specifies the log location where the logs are hosted-->
    <cassandraHost>localhost:9160</cassandraHost>
    <cassandraConsistencyLevel>ONE</cassandraConsistencyLevel>
    <cassandraAutoDiscovery enable="false" delay="1000"/>
    <retryDownedHosts enable="true" queueSize="10"/>
    <userName>admin</userName>
    <password>admin</password>
    <archivedHost>http://127.0.0.1/logs/stratos/0/WSO2%20Stratos%20Manager/</archivedHost>
     <archivedHDFSPath>/stratos/logs</archivedHDFSPath>
    <archivedUser>admin</archivedUser>
    <archivedPassword>admin</archivedPassword>
    <archivedPort>80</archivedPort>
    <archivedRealm>Stratos</archivedRealm>
</loggingConfig>
