<!--
  ~ Copyright WSO2, Inc. (http://wso2.com)
  ~
  ~ Licensed under the Apache License, Version 2.0 (the "License");
  ~ you may not use this file except in compliance with the License.
  ~ You may obtain a copy of the License at
  ~
  ~ http://www.apache.org/licenses/LICENSE-2.0
  ~
  ~ Unless required by applicable law or agreed to in writing, software
  ~ distributed under the License is distributed on an "AS IS" BASIS,
  ~ WITHOUT WARRANTIES OR CONDITIONS OF ANY KIND, either express or implied.
  ~ See the License for the specific language governing permissions and
  ~ limitations under the License.
  -->
<provisioning-config>
    <scim-providers>
        <scim-provider id="node2">
            <Property name="userName">admin</Property>
            <Property name="password">admin</Property>
            <Property name="userEndpoint">https://localhost:9444/wso2/scim/Users</Property>
            <Property name="groupEndpoint">https://localhost:9444/wso2/scim/Groups</Property>
        </scim-provider>
    </scim-providers>
    <scim-consumers>
        <!--scim-consumer id="carbon.super">
            <scim-provider id="node2"/>
        </scim-consumer-->
    </scim-consumers>
    <Property name="dumb-mode">false</Property>
    <Property name="provisioning-handlers">org.wso2.carbon.identity.scim.common.impl.DefaultSCIMProvisioningHandler</Property>
    <Property name="user-schema-extension-enabled">false</Property>
</provisioning-config>
