<?xml version="1.0" encoding="utf-8"?>
<permissionMappings>
    <mapping managementPermission="/permission/admin/configure/governance/manage-rxt" resourcePermission="http://www.wso2.org/projects/registry/actions/get"
             resourcePaths="/_system/governance/repository/components/org.wso2.carbon.governance/types"/>
    <mapping managementPermission="/permission/admin/configure/governance/manage-rxt" resourcePermission="http://www.wso2.org/projects/registry/actions/add"
             resourcePaths="/_system/governance/repository/components/org.wso2.carbon.governance/types"/>
    <mapping managementPermission="/permission/admin/configure/governance/manage-rxt" resourcePermission="http://www.wso2.org/projects/registry/actions/delete"
             resourcePaths="/_system/governance/repository/components/org.wso2.carbon.governance/types"/>
    <mapping managementPermission="/permission/admin/manage/resources/govern/service/add" resourcePermission="http://www.wso2.org/projects/registry/actions/get"
             resourcePaths="/_system/governance/trunk/services,/_system/governance/branches/testing/services,/_system/governance/branches/production/services"/>
    <mapping managementPermission="/permission/admin/manage/resources/govern/wsdl/add" resourcePermission="http://www.wso2.org/projects/registry/actions/get"
             resourcePaths="/_system/governance/trunk/wsdls,/_system/governance/branches/testing/wsdls,/_system/governance/branches/production/wsdls"/>
    <mapping managementPermission="/permission/admin/manage/resources/govern/schema/add" resourcePermission="http://www.wso2.org/projects/registry/actions/get"
             resourcePaths="/_system/governance/trunk/schemas,/_system/governance/branches/testing/schemas,/_system/governance/branches/production/schemas"/>
    <mapping managementPermission="/permission/admin/manage/resources/govern/policy/add" resourcePermission="http://www.wso2.org/projects/registry/actions/get"
             resourcePaths="/_system/governance/trunk/policies,/_system/governance/branches/testing/policies,/_system/governance/branches/production/policies"/>
    <mapping managementPermission="/permission/admin/manage/resources/govern/generic/add" resourcePermission="http://www.wso2.org/projects/registry/actions/get"
             resourcePaths="/_system/governance/trunk/endpoints,/_system/governance/branches/testing/endpoints,/_system/governance/branches/production/endpoints"/>
    <mapping managementPermission="/permission/admin/manage/resources/govern/service/add" resourcePermission="http://www.wso2.org/projects/registry/actions/add"
             resourcePaths="/_system/governance/trunk/services,/_system/governance/branches/testing/services,/_system/governance/branches/production/services"/>
    <mapping managementPermission="/permission/admin/manage/resources/govern/wsdl/add" resourcePermission="http://www.wso2.org/projects/registry/actions/add"
             resourcePaths="/_system/governance/trunk/wsdls,/_system/governance/branches/testing/wsdls,/_system/governance/branches/production/wsdls"/>
    <mapping managementPermission="/permission/admin/manage/resources/govern/schema/add" resourcePermission="http://www.wso2.org/projects/registry/actions/add"
             resourcePaths="/_system/governance/trunk/schemas,/_system/governance/branches/testing/schemas,/_system/governance/branches/production/schemas"/>
    <mapping managementPermission="/permission/admin/manage/resources/govern/policy/add" resourcePermission="http://www.wso2.org/projects/registry/actions/add"
             resourcePaths="/_system/governance/trunk/policies,/_system/governance/branches/testing/policies,/_system/governance/branches/production/policies"/>
    <mapping managementPermission="/permission/admin/manage/resources/govern/generic/add" resourcePermission="http://www.wso2.org/projects/registry/actions/add"
             resourcePaths="/_system/governance/trunk/endpoints,/_system/governance/branches/testing/endpoints,/_system/governance/branches/production/endpoints"/>
    <mapping managementPermission="/permission/admin/manage/resources/govern/service/add" resourcePermission="http://www.wso2.org/projects/registry/actions/delete"
             resourcePaths="/_system/governance/trunk/services,/_system/governance/branches/testing/services,/_system/governance/branches/production/services"/>
    <mapping managementPermission="/permission/admin/manage/resources/govern/wsdl/add" resourcePermission="http://www.wso2.org/projects/registry/actions/delete"
             resourcePaths="/_system/governance/trunk/wsdls,/_system/governance/branches/testing/wsdls,/_system/governance/branches/production/wsdls"/>
    <mapping managementPermission="/permission/admin/manage/resources/govern/schema/add" resourcePermission="http://www.wso2.org/projects/registry/actions/delete"
             resourcePaths="/_system/governance/trunk/schemas,/_system/governance/branches/testing/schemas,/_system/governance/branches/production/schemas"/>
    <mapping managementPermission="/permission/admin/manage/resources/govern/policy/add" resourcePermission="http://www.wso2.org/projects/registry/actions/delete"
             resourcePaths="/_system/governance/trunk/policies,/_system/governance/branches/testing/policies,/_system/governance/branches/production/policies"/>
    <mapping managementPermission="/permission/admin/manage/resources/govern/generic/add" resourcePermission="http://www.wso2.org/projects/registry/actions/delete"
             resourcePaths="/_system/governance/trunk/endpoints,/_system/governance/branches/testing/endpoints,/_system/governance/branches/production/endpoints"/>
    <mapping managementPermission="/permission/admin/manage/resources/govern/service/list" resourcePermission="http://www.wso2.org/projects/registry/actions/get"
             resourcePaths="/_system/governance/trunk/services,/_system/governance/branches/testing/services,/_system/governance/branches/production/services"/>
    <mapping managementPermission="/permission/admin/manage/resources/govern/wsdl/list" resourcePermission="http://www.wso2.org/projects/registry/actions/get"
             resourcePaths="/_system/governance/trunk/wsdls,/_system/governance/branches/testing/wsdls,/_system/governance/branches/production/wsdls"/>
    <mapping managementPermission="/permission/admin/manage/resources/govern/schema/list" resourcePermission="http://www.wso2.org/projects/registry/actions/get"
             resourcePaths="/_system/governance/trunk/schemas,/_system/governance/branches/testing/schemas,/_system/governance/branches/production/schemas"/>
    <mapping managementPermission="/permission/admin/manage/resources/govern/policy/list" resourcePermission="http://www.wso2.org/projects/registry/actions/get"
             resourcePaths="/_system/governance/trunk/policies,/_system/governance/branches/testing/policies,/_system/governance/branches/production/policies"/>
    <mapping managementPermission="/permission/admin/manage/resources/govern/generic/list" resourcePermission="http://www.wso2.org/projects/registry/actions/get"
             resourcePaths="/_system/governance/trunk/endpoints,/_system/governance/branches/testing/endpoints,/_system/governance/branches/production/endpoints"/>
    <mapping managementPermission="/permission/admin/manage/resources/govern/uri/add" resourcePermission="http://www.wso2.org/projects/registry/actions/get"
             resourcePaths="/_system/governance/uris"/>
    <mapping managementPermission="/permission/admin/manage/resources/govern/uri/add" resourcePermission="http://www.wso2.org/projects/registry/actions/add"
             resourcePaths="/_system/governance/uris"/>
    <mapping managementPermission="/permission/admin/manage/resources/govern/uri/add" resourcePermission="http://www.wso2.org/projects/registry/actions/delete"
             resourcePaths="/_system/governance/uris"/>   
    <mapping managementPermission="/permission/admin/manage/resources/govern/uri/list" resourcePermission="http://www.wso2.org/projects/registry/actions/get"
             resourcePaths="/_system/governance/uris"/>
    <mapping managementPermission="/permission/admin/manage/resources/govern/api/add" resourcePermission="http://www.wso2.org/projects/registry/actions/get"
             resourcePaths="/_system/governance/apimgt"/>
    <mapping managementPermission="/permission/admin/manage/resources/govern/api/add" resourcePermission="http://www.wso2.org/projects/registry/actions/add"
             resourcePaths="/_system/governance/apimgt"/>
    <mapping managementPermission="/permission/admin/manage/resources/govern/api/add" resourcePermission="http://www.wso2.org/projects/registry/actions/delete"
             resourcePaths="/_system/governance/apimgt"/>
    <mapping managementPermission="/permission/admin/manage/resources/govern/api/list" resourcePermission="http://www.wso2.org/projects/registry/actions/get"
             resourcePaths="/_system/governance/apimgt"/>
    <mapping managementPermission="/permission/admin/manage/resources/govern/soapservice/add" resourcePermission="http://www.wso2.org/projects/registry/actions/get"
             resourcePaths="/_system/governance/trunk/soapservices"/>
    <mapping managementPermission="/permission/admin/manage/resources/govern/soapservice/add" resourcePermission="http://www.wso2.org/projects/registry/actions/add"
             resourcePaths="/_system/governance/trunk/soapservices"/>
    <mapping managementPermission="/permission/admin/manage/resources/govern/soapservice/add" resourcePermission="http://www.wso2.org/projects/registry/actions/delete"
             resourcePaths="/_system/governance/trunk/soapservices"/>
    <mapping managementPermission="/permission/admin/manage/resources/govern/soapservice/list" resourcePermission="http://www.wso2.org/projects/registry/actions/get"
             resourcePaths="/_system/governance/trunk/soapservices"/>
    <mapping managementPermission="/permission/admin/manage/resources/govern/restservice/add" resourcePermission="http://www.wso2.org/projects/registry/actions/get"
             resourcePaths="/_system/governance/trunk/restservices"/>
    <mapping managementPermission="/permission/admin/manage/resources/govern/restservice/add" resourcePermission="http://www.wso2.org/projects/registry/actions/add"
             resourcePaths="/_system/governance/trunk/restservices"/>
    <mapping managementPermission="/permission/admin/manage/resources/govern/restservice/add" resourcePermission="http://www.wso2.org/projects/registry/actions/delete"
             resourcePaths="/_system/governance/trunk/restservices"/>
    <mapping managementPermission="/permission/admin/manage/resources/govern/restservice/list" resourcePermission="http://www.wso2.org/projects/registry/actions/get"
             resourcePaths="/_system/governance/trunk/restservices"/>
    <mapping managementPermission="/permission/admin/manage/resources/govern/swagger/add" resourcePermission="http://www.wso2.org/projects/registry/actions/get"
             resourcePaths="/_system/governance/apimgt"/>
    <mapping managementPermission="/permission/admin/manage/resources/govern/swagger/add" resourcePermission="http://www.wso2.org/projects/registry/actions/add"
             resourcePaths="/_system/governance/apimgt"/>
    <mapping managementPermission="/permission/admin/manage/resources/govern/swagger/add" resourcePermission="http://www.wso2.org/projects/registry/actions/delete"
             resourcePaths="/_system/governance/apimgt"/>
    <mapping managementPermission="/permission/admin/manage/resources/govern/swagger/list" resourcePermission="http://www.wso2.org/projects/registry/actions/get"
             resourcePaths="/_system/governance/apimgt"/>
    <mapping managementPermission="/permission/admin/manage/resources/govern/note/add" resourcePermission="http://www.wso2.org/projects/registry/actions/get"
             resourcePaths="/_system/governance/publisher_notes"/>
    <mapping managementPermission="/permission/admin/manage/resources/govern/note/add" resourcePermission="http://www.wso2.org/projects/registry/actions/add"
             resourcePaths="/_system/governance/publisher_notes"/>
    <mapping managementPermission="/permission/admin/manage/resources/govern/note/add" resourcePermission="http://www.wso2.org/projects/registry/actions/delete"
             resourcePaths="/_system/governance/publisher_notes"/>
    <mapping managementPermission="/permission/admin/manage/resources/govern/note/list" resourcePermission="http://www.wso2.org/projects/registry/actions/get"
             resourcePaths="/_system/governance/publisher_notes"/>
    <mapping managementPermission="/permission/admin/manage/resources/govern/server/add" resourcePermission="http://www.wso2.org/projects/registry/actions/get"
             resourcePaths="/_system/governance/trunk/servers"/>
    <mapping managementPermission="/permission/admin/manage/resources/govern/server/add" resourcePermission="http://www.wso2.org/projects/registry/actions/add"
             resourcePaths="/_system/governance/trunk/servers"/>
    <mapping managementPermission="/permission/admin/manage/resources/govern/server/add" resourcePermission="http://www.wso2.org/projects/registry/actions/delete"
             resourcePaths="/_system/governance/trunk/servers"/>
    <mapping managementPermission="/permission/admin/manage/resources/govern/server/list" resourcePermission="http://www.wso2.org/projects/registry/actions/get"
             resourcePaths="/_system/governance/trunk/servers"/>
</permissionMappings>