

<wsp:Policy wsu:Id="UTOverTransport"
            xmlns:wsu="http://docs.oasis-open.org/wss/2004/01/oasis-200401-wss-wssecurity-utility-1.0.xsd"
            xmlns:wsp="http://schemas.xmlsoap.org/ws/2004/09/policy">
    <wsp:ExactlyOne>
        <wsp:All>
            <sp:TransportBinding xmlns:sp="http://schemas.xmlsoap.org/ws/2005/07/securitypolicy">
                <wsp:Policy>
                    <sp:TransportToken>
                        <wsp:Policy>
                            <sp:HttpsToken RequireClientCertificate="false"/>
                        </wsp:Policy>
                    </sp:TransportToken>
                    <sp:AlgorithmSuite>
                        <wsp:Policy>
                            <sp:Basic256/>
                        </wsp:Policy>
                    </sp:AlgorithmSuite>
                    <sp:Layout>
                        <wsp:Policy>
                            <sp:Lax/>
                        </wsp:Policy>
                    </sp:Layout>
                    <sp:IncludeTimestamp/>
                </wsp:Policy>
            </sp:TransportBinding>
            <sp:SignedSupportingTokens
                    xmlns:sp="http://schemas.xmlsoap.org/ws/2005/07/securitypolicy">
                <wsp:Policy>
                    <sp:UsernameToken
                            sp:IncludeToken="http://schemas.xmlsoap.org/ws/2005/07/securitypolicy/IncludeToken/AlwaysToRecipient"/>
                </wsp:Policy>
            </sp:SignedSupportingTokens>
        </wsp:All>
    </wsp:ExactlyOne>
</wsp:Policy>

<!--<wsp:Policy xmlns:wsp="http://schemas.xmlsoap.org/ws/2004/09/policy"-->
            <!--xmlns:wsu="http://docs.oasis-open.org/wss/2004/01/oasis-200401-wss-wssecurity-utility-1.0.xsd"-->
            <!--wsu:Id="EncrOnlyAnonymous">-->
    <!--<wsp:ExactlyOne>-->
        <!--<wsp:All>-->
            <!--<sp:SymmetricBinding xmlns:sp="http://schemas.xmlsoap.org/ws/2005/07/securitypolicy">-->
                <!--<wsp:Policy>-->
                    <!--<sp:ProtectionToken>-->
                        <!--<wsp:Policy>-->
                            <!--<sp:X509Token-->
                                    <!--sp:IncludeToken="http://schemas.xmlsoap.org/ws/2005/07/securitypolicy/IncludeToken/Never">-->
                                <!--<wsp:Policy>-->
                                    <!--<sp:RequireThumbprintReference/>-->
                                    <!--<sp:WssX509V3Token10/>-->
                                <!--</wsp:Policy>-->
                            <!--</sp:X509Token>-->
                        <!--</wsp:Policy>-->
                    <!--</sp:ProtectionToken>-->
                    <!--<sp:AlgorithmSuite>-->
                        <!--<wsp:Policy>-->
                            <!--<sp:Basic256/>-->
                        <!--</wsp:Policy>-->
                    <!--</sp:AlgorithmSuite>-->
                    <!--<sp:Layout>-->
                        <!--<wsp:Policy>-->
                            <!--<sp:Lax/>-->
                        <!--</wsp:Policy>-->
                    <!--</sp:Layout>-->
                    <!--<sp:IncludeTimestamp/>-->
                    <!--<sp:OnlySignEntireHeadersAndBody/>-->
                <!--</wsp:Policy>-->
            <!--</sp:SymmetricBinding>-->
            <!--<sp:EncryptedElements xmlns:sp="http://schemas.xmlsoap.org/ws/2005/07/securitypolicy"-->
                                  <!--xmlns:soapenv="http://schemas.xmlsoap.org/soap/envelope/"-->
                                  <!--xmlns:ns1="http://ws.apache.org/axis2">-->
                <!--<sp:XPath>soapenv:Body/ns1:add/ns1:args0</sp:XPath>-->
            <!--</sp:EncryptedElements>-->
            <!--<sp:EncryptedElements xmlns:sp="http://schemas.xmlsoap.org/ws/2005/07/securitypolicy"-->
                                  <!--xmlns:soapenv="http://schemas.xmlsoap.org/soap/envelope/"-->
                                  <!--xmlns:ns="http://ws.apache.org/axis2">-->
                <!--<sp:XPath>soapenv:Body/ns:addResponse/return</sp:XPath>-->
            <!--</sp:EncryptedElements>-->
            <!--<sp:Wss11 xmlns:sp="http://schemas.xmlsoap.org/ws/2005/07/securitypolicy">-->
                <!--<sp:Policy>-->
                    <!--<sp:MustSupportRefKeyIdentifier/>-->
                    <!--<sp:MustSupportRefIssuerSerial/>-->
                    <!--<sp:MustSupportRefThumbprint/>-->
                    <!--<sp:RequireSignatureConfirmation/>-->
                <!--</sp:Policy>-->
            <!--</sp:Wss11>-->
            <!--<sp:Trust10 xmlns:sp="http://schemas.xmlsoap.org/ws/2005/07/securitypolicy">-->
                <!--<wsp:Policy>-->
                    <!--<sp:RequireClientEntropy/>-->
                    <!--<sp:RequireServerEntropy/>-->
                    <!--<sp:MustSupportIssuedTokens/>-->
                <!--</wsp:Policy>-->
            <!--</sp:Trust10>-->
            <!--<ramp:RampartConfig xmlns:ramp="http://ws.apache.org/rampart/policy">-->
                <!--<ramp:encryptionUser>wso2carbon</ramp:encryptionUser>-->
                <!--<ramp:encryptionCrypto>-->
                    <!--<ramp:crypto provider="org.apache.ws.security.components.crypto.Merlin">-->
                        <!--<ramp:property name="org.apache.ws.security.crypto.merlin.keystore.type">-->
                            <!--JKS-->
                        <!--</ramp:property>-->
                        <!--<ramp:property name="org.apache.ws.security.crypto.merlin.file">-->
                            <!--/home/pavithra/Documents/ESB/3.2.0/RC10/new/new/wso2esb-4.0.0/repository/resources/security/wso2carbon.jks-->
                        <!--</ramp:property>-->
                        <!--<ramp:property-->
                                <!--name="org.apache.ws.security.crypto.merlin.keystore.password">-->
                            <!--wso2carbon-->
                        <!--</ramp:property>-->
                    <!--</ramp:crypto>-->
                <!--</ramp:encryptionCrypto>-->
            <!--</ramp:RampartConfig>-->
        <!--</wsp:All>-->
    <!--</wsp:ExactlyOne>-->
<!--</wsp:Policy>-->
        <!---->
