<!--<!---->
  <!--~ Copyright 2005-2007 WSO2, Inc. (http://wso2.com)-->
  <!--~-->
  <!--~ Licensed under the Apache License, Version 2.0 (the "License");-->
  <!--~ you may not use this file except in compliance with the License.-->
  <!--~ You may obtain a copy of the License at-->
  <!--~-->
  <!--~ http://www.apache.org/licenses/LICENSE-2.0-->
  <!--~-->
  <!--~ Unless required by applicable law or agreed to in writing, software-->
  <!--~ distributed under the License is distributed on an "AS IS" BASIS,-->
  <!--~ WITHOUT WARRANTIES OR CONDITIONS OF ANY KIND, either express or implied.-->
  <!--~ See the License for the specific language governing permissions and-->
  <!--~ limitations under the License.-->
  <!---->-->

<!--<RampartSecurityScenarios xmlns="http://www.wso2.org/products/carbon/security">-->
    <!---->
    <!--<!-- Basic scenarios -->
    <!--<Scenario id="scenario1">-->
        <!--<Summary>UsernameToken</Summary>-->
        <!--<Description>Provides Authentication. Clients have Username Tokens</Description>-->
        <!--<Category>ut</Category>-->
        <!--<Modules>-->
            <!--<Module>rampart</Module>-->
        <!--</Modules>-->
        <!--<WsuId>UTOverTransport</WsuId>-->
        <!--<Type>basic</Type>-->
    <!--</Scenario>-->
    <!--<Scenario id="scenario2">-->
        <!--<Summary>Non-repudiation</Summary>-->
        <!--<Description>Provides Authentication and Integrity. Clients have X509 certificates</Description>-->
        <!--<Category>keystore</Category>-->
        <!--<Modules>-->
            <!--<Module>rampart</Module>-->
        <!--</Modules>-->
        <!--<WsuId>SigOnly</WsuId>-->
        <!--<Type>basic</Type>-->
    <!--</Scenario>-->
    <!--<Scenario id="scenario3">-->
        <!--<Summary>Integrity</Summary>-->
        <!--<Description>Provides Integrity. Clients do not have X509 certificates</Description>-->
        <!--<Category>keystore</Category>-->
        <!--<Modules>-->
            <!--<Module>rampart</Module>-->
        <!--</Modules>-->
        <!--<WsuId>SgnOnlyAnonymous</WsuId>-->
        <!--<Type>basic</Type>-->
    <!--</Scenario>-->
    <!--<Scenario id="scenario4">-->
        <!--<Summary>Confidentiality</Summary>-->
        <!--<Description>Provides Confidentiality. Clients do not have X509 certificates</Description>-->
        <!--<Category>keystore</Category>-->
        <!--<Modules>-->
            <!--<Module>rampart</Module>-->
        <!--</Modules>-->
        <!--<WsuId>EncrOnlyAnonymous</WsuId>-->
        <!--<Type>basic</Type>-->
    <!--</Scenario>-->

    <!--<!-- Advanced scenarios -->
    <!--<Scenario id="scenario5">-->
        <!--<Summary>Sign and encrypt - X509 Authentication</Summary>-->
        <!--<Description>Provides Authentication, Integrity and Confidentiality. Clients have X509 certificates</Description>-->
        <!--<Category>keystore</Category>-->
        <!--<Modules>-->
            <!--<Module>rampart</Module>-->
        <!--</Modules>-->
        <!--<WsuId>SigEncr</WsuId>-->
        <!--<Type>advanced</Type>-->
    <!--</Scenario>-->
    <!--<Scenario id="scenario6">-->
        <!--<Summary>Sign and Encrypt - Anonymous clients </Summary>-->
        <!--<Description>Provides Integrity and Confidentiality.</Description>-->
        <!--<Category>keystore</Category>-->
        <!--<Modules>-->
            <!--<Module>rampart</Module>-->
        <!--</Modules>-->
        <!--<WsuId>SgnEncrAnonymous</WsuId>-->
        <!--<Type>advanced</Type>-->
    <!--</Scenario>-->
    <!--<Scenario id="scenario7">-->
        <!--<Summary>Encrypt only - Username Token Authentication </Summary>-->
        <!--<Description>Provides Authentication and Confidentiality. Clients have Username Tokens</Description>-->
        <!--<Category>ut-keystore</Category>-->
        <!--<Modules>-->
            <!--<Module>rampart</Module>-->
        <!--</Modules>-->
        <!--<WsuId>EncrOnlyUsername</WsuId>-->
        <!--<Type>advanced</Type>-->
    <!--</Scenario>-->
    <!--<Scenario id="scenario8">-->
        <!--<Summary>Sign and Encrypt - Username Token Authentication</Summary>-->
        <!--<Description>Provides Authentication, Integrity and Confidentiality. Clients have Username Tokens</Description>-->
        <!--<Category>ut-keystore</Category>-->
        <!--<Modules>-->
            <!--<Module>rampart</Module>-->
        <!--</Modules>-->
        <!--<WsuId>SgnEncrUsername</WsuId>-->
        <!--<Type>advanced</Type>-->
    <!--</Scenario>-->
    <!--<Scenario id="scenario9">-->
        <!--<Summary>SecureConversation - Sign only - Service as STS - Bootstrap policy - Sign and Encrypt , X509 Authentication </Summary>-->
        <!--<Description>Provides Authentication and Integrity. Multiple message exchange.Clients have X509 certificates. </Description>-->
        <!--<Category>keystore</Category>-->
        <!--<Modules>-->
            <!--<Module>rampart</Module>-->
            <!--<Module>rahas</Module>-->
        <!--</Modules>-->
        <!--<WsuId>SecConSignOnly</WsuId>-->
        <!--<Type>advanced</Type>-->
    <!--</Scenario>-->
    <!--<Scenario id="scenario10">-->
        <!--<Summary>SecureConversation - Encrypt only - Service as STS - Bootstrap policy --->
            <!--Sign and Encrypt , X509 Authentication </Summary>-->
        <!--<Description>Provides Confidentiality. Multiple message exchange.Clients have X509 certificates. </Description>-->
        <!--<Category>keystore</Category>-->
        <!--<Modules>-->
            <!--<Module>rampart</Module>-->
            <!--<Module>rahas</Module>-->
        <!--</Modules>-->
        <!--<WsuId>SecConEncrOnly</WsuId>-->
        <!--<Type>advanced</Type>-->
    <!--</Scenario>-->
    <!--<Scenario id="scenario11">-->
        <!--<Summary>SecureConversation - Sign and Encrypt - Service as STS - Bootstrap policy - Sign and Encrypt , X509 Authentication </Summary>-->
        <!--<Description>Provides Authentication, Integrity and Confidentiality. Multiple message exchange.Clients have X509 certificates.</Description>-->
        <!--<Category>keystore</Category>-->
        <!--<Modules>-->
            <!--<Module>rampart</Module>-->
            <!--<Module>rahas</Module>-->
        <!--</Modules>-->
        <!--<WsuId>SecConSgnEncr</WsuId>-->
        <!--<Type>advanced</Type>-->
    <!--</Scenario>-->
    <!--<Scenario id="scenario12">-->
        <!--<Summary>SecureConversation - Sign Only - Service as STS - Bootstrap policy - Sign and Encrypt , Anonymous clients</Summary>-->
        <!--<Description>Provides Integrity. Multiple message exchange.</Description>-->
        <!--<Category>keystore</Category>-->
        <!--<Modules>-->
            <!--<Module>rampart</Module>-->
            <!--<Module>rahas</Module>-->
        <!--</Modules>-->
        <!--<WsuId>SecConSignOnlyAnonymous</WsuId>-->
        <!--<Type>advanced</Type>-->
    <!--</Scenario>-->
    <!--<Scenario id="scenario13">-->
        <!--<Summary>SecureConversation - Encrypt Only - Service as STS - Bootstrap policy - Sign and Encrypt , Anonymous clients</Summary>-->
        <!--<Description>Provides Confidentiality. Multiple message exchange.</Description>-->
        <!--<Category>keystore</Category>-->
        <!--<Modules>-->
            <!--<Module>rampart</Module>-->
            <!--<Module>rahas</Module>-->
        <!--</Modules>-->
        <!--<WsuId>SecConEncrOnlyAnonymous</WsuId>-->
        <!--<Type>advanced</Type>-->
    <!--</Scenario>-->
    <!--<Scenario id="scenario14">-->
        <!--<Summary>SecureConversation - Encrypt Only - Service as STS - Bootstrap policy - Sign and Encrypt , Username Token Authentication</Summary>-->
        <!--<Description>Provides Authentication and Confidentiality. Multiple message exchange. Clients have Username Tokens.</Description>-->
        <!--<Category>ut-keystore</Category>-->
        <!--<Modules>-->
            <!--<Module>rampart</Module>-->
            <!--<Module>rahas</Module>-->
        <!--</Modules>-->
        <!--<WsuId>SecConEncrUsername</WsuId>-->
        <!--<Type>advanced</Type>-->
    <!--</Scenario>-->
    <!--<Scenario id="scenario15">-->
        <!--<Summary>SecureConversation - Sign and Encrypt - Service as STS - Bootstrap policy - Sign and Encrypt , Username Token Authentication</Summary>-->
        <!--<Description>Provides Authentication Integrity and Confidentiality. Multiple message exchange. Clients have Username Tokens.</Description>-->
        <!--<Category>ut-keystore</Category>-->
        <!--<Modules>-->
            <!--<Module>rampart</Module>-->
            <!--<Module>rahas</Module>-->
        <!--</Modules>-->
        <!--<WsuId>SecConSgnEncrUsername</WsuId>-->
        <!--<Type>advanced</Type>-->
    <!--</Scenario>-->
<!--</RampartSecurityScenarios>-->

        <wsp:Policy xmlns:wsp="http://schemas.xmlsoap.org/ws/2004/09/policy"
            xmlns:wsu="http://docs.oasis-open.org/wss/2004/01/oasis-200401-wss-wssecurity-utility-1.0.xsd"
            wsu:Id="EncrOnlyAnonymous">
    <wsp:ExactlyOne>
        <wsp:All>
            <sp:SymmetricBinding xmlns:sp="http://schemas.xmlsoap.org/ws/2005/07/securitypolicy">
                <wsp:Policy>
                    <sp:ProtectionToken>
                        <wsp:Policy>
                            <sp:X509Token
                                    sp:IncludeToken="http://schemas.xmlsoap.org/ws/2005/07/securitypolicy/IncludeToken/Never">
                                <wsp:Policy>
                                    <sp:RequireThumbprintReference/>
                                    <sp:WssX509V3Token10/>
                                </wsp:Policy>
                            </sp:X509Token>
                        </wsp:Policy>
                    </sp:ProtectionToken>
                    <sp:AlgorithmSuite>
                        <wsp:Policy>
                            <sp:Basic256/>
                        </wsp:Policy>
                    </sp:AlgorithmSuite>
                    <sp:Layout>
                        <wsp:Policy>
                            <sp:Lax/>
                        </wsp:Policy>
                    </sp:Layout>
                    <sp:IncludeTimestamp/>
                    <sp:OnlySignEntireHeadersAndBody/>
                </wsp:Policy>
            </sp:SymmetricBinding>
            <sp:EncryptedElements xmlns:sp="http://schemas.xmlsoap.org/ws/2005/07/securitypolicy"
                                  xmlns:soapenv="http://schemas.xmlsoap.org/soap/envelope/"
                                  xmlns:ns1="http://ws.apache.org/axis2">
                <sp:XPath>soapenv:Body/ns1:add/ns1:args0</sp:XPath>
            </sp:EncryptedElements>
            <sp:EncryptedElements xmlns:sp="http://schemas.xmlsoap.org/ws/2005/07/securitypolicy"
                                  xmlns:soapenv="http://schemas.xmlsoap.org/soap/envelope/"
                                  xmlns:ns="http://ws.apache.org/axis2">
                <sp:XPath>soapenv:Body/ns:addResponse/return</sp:XPath>
            </sp:EncryptedElements>
            <sp:Wss11 xmlns:sp="http://schemas.xmlsoap.org/ws/2005/07/securitypolicy">
                <sp:Policy>
                    <sp:MustSupportRefKeyIdentifier/>
                    <sp:MustSupportRefIssuerSerial/>
                    <sp:MustSupportRefThumbprint/>
                    <sp:RequireSignatureConfirmation/>
                </sp:Policy>
            </sp:Wss11>
            <sp:Trust10 xmlns:sp="http://schemas.xmlsoap.org/ws/2005/07/securitypolicy">
                <wsp:Policy>
                    <sp:RequireClientEntropy/>
                    <sp:RequireServerEntropy/>
                    <sp:MustSupportIssuedTokens/>
                </wsp:Policy>
            </sp:Trust10>
            <ramp:RampartConfig xmlns:ramp="http://ws.apache.org/rampart/policy">
                <ramp:encryptionUser>wso2carbon</ramp:encryptionUser>
                <ramp:encryptionCrypto>
                    <ramp:crypto provider="org.apache.ws.security.components.crypto.Merlin">
                        <ramp:property name="org.apache.ws.security.crypto.merlin.keystore.type">
                            JKS
                        </ramp:property>
                        <ramp:property name="org.apache.ws.security.crypto.merlin.file">
                            /home/pavithra/Documents/ESB/3.2.0/RC10/new/new/wso2esb-4.0.0/repository/resources/security/wso2carbon.jks
                        </ramp:property>
                        <ramp:property
                                name="org.apache.ws.security.crypto.merlin.keystore.password">
                            wso2carbon
                        </ramp:property>
                    </ramp:crypto>
                </ramp:encryptionCrypto>
            </ramp:RampartConfig>
        </wsp:All>
    </wsp:ExactlyOne>
</wsp:Policy>
